{"cameraMode":{"drawMode":0,"name":"Shaded","section":"Shading Mode"},"sceneLighting":true,"audioPlay":false,"sceneViewState":{"m_AlwaysRefresh":false,"showFog":true,"showSkybox":true,"showFlares":true,"showImageEffects":true,"showParticleSystems":true,"showVisualEffectGraphs":true,"m_FxEnabled":true},"in2DMode":false,"pivot":{"x":0.0356312096118927,"y":0.40143951773643496,"z":-0.16496171057224275},"rotation":{"x":-0.278931200504303,"y":-0.645756721496582,"z":0.2747817933559418,"w":-0.6555098295211792},"size":0.28716909885406496,"orthographic":false}